2024-03-01,card,ANON-0000-0000-0001,38.7000007629395,Latte,10:15:50.5200000
2024-03-01,card,ANON-0000-0000-0002,38.7000007629395,Hot Chocolate,12:19:22.5390000
2024-03-01,card,ANON-0000-0000-0002,38.7000007629395,Hot Chocolate,12:20:18.0890000
2024-03-01,card,ANON-0000-0000-0003,28.8999996185303,Americano,13:46:33.0060000
2024-03-01,card,ANON-0000-0000-0004,38.7000007629395,Latte,13:48:14.6260000
2024-03-01,card,ANON-0000-0000-0005,33.7999992370605,Americano with Milk,15:39:47.7260000
2024-03-01,card,ANON-0000-0000-0006,38.7000007629395,Hot Chocolate,16:19:02.7560000
2024-03-01,card,ANON-0000-0000-0007,33.7999992370605,Americano with Milk,18:39:03.5800000
2024-03-01,card,ANON-0000-0000-0008,38.7000007629395,Cocoa,19:22:01.7620000
2024-03-01,card,ANON-0000-0000-0008,33.7999992370605,Americano with Milk,19:23:15.8870000
2024-03-01,card,ANON-0000-0000-0009,33.7999992370605,Americano with Milk,19:29:17.3910000
2024-03-02,card,ANON-0000-0000-0010,28.8999996185303,Americano,10:22:06.9570000
2024-03-02,cash,No Credit Card Use,40,Latte,10:30:35.6680000
2024-03-02,card,ANON-0000-0000-0011,33.7999992370605,Americano with Milk,10:41:41.2490000
2024-03-02,card,ANON-0000-0000-0012,33.7999992370605,Americano with Milk,11:59:45.4840000
2024-03-02,card,ANON-0000-0000-0013,28.8999996185303,Americano,14:38:35.5350000
2024-03-02,card,ANON-0000-0000-0014,33.7999992370605,Americano with Milk,16:37:24.4750000
2024-03-02,card,ANON-0000-0000-0004,28.8999996185303,Americano,17:34:54.9690000
2024-03-03,cash,No Credit Card Use,40,Latte,10:10:43.9810000
2024-03-03,card,ANON-0000-0000-0015,38.7000007629395,Latte,10:27:18.5610000
2024-03-03,card,ANON-0000-0000-0016,28.8999996185303,Cortado,11:33:56.1180000
2024-03-03,card,ANON-0000-0000-0012,28.8999996185303,Americano,12:26:56.0980000
2024-03-03,card,ANON-0000-0000-0017,38.7000007629395,Hot Chocolate,13:09:36.3210000
2024-03-03,card,ANON-0000-0000-0018,38.7000007629395,Cocoa,17:06:40.2710000
2024-03-03,card,ANON-0000-0000-0019,28.8999996185303,Cortado,17:08:45.8950000
2024-03-03,card,ANON-0000-0000-0020,33.7999992370605,Americano with Milk,18:03:23.3690000
2024-03-03,card,ANON-0000-0000-0020,33.7999992370605,Americano with Milk,18:04:27.9460000
2024-03-03,card,ANON-0000-0000-0020,38.7000007629395,Hot Chocolate,18:08:04.9590000
2024-03-04,card,ANON-0000-0000-0001,38.7000007629395,Latte,10:03:51.9940000
2024-03-04,card,ANON-0000-0000-0021,38.7000007629395,Latte,10:54:50.9580000
2024-03-04,card,ANON-0000-0000-0012,33.7999992370605,Americano with Milk,11:05:16.1840000
2024-03-04,card,ANON-0000-0000-0022,24,Espresso,14:04:37.7340000
2024-03-05,card,ANON-0000-0000-0001,38.7000007629395,Latte,09:59:52.6510000
2024-03-05,card,ANON-0000-0000-0023,38.7000007629395,Latte,14:34:55.9630000
2024-03-05,card,ANON-0000-0000-0024,38.7000007629395,Latte,17:34:06.0430000
2024-03-05,card,ANON-0000-0000-0025,38.7000007629395,Hot Chocolate,17:35:25.0210000
2024-03-05,card,ANON-0000-0000-0026,38.7000007629395,Cocoa,17:36:28.5710000
2024-03-05,card,ANON-0000-0000-0027,38.7000007629395,Hot Chocolate,17:37:13.6590000
2024-03-05,card,ANON-0000-0000-0009,38.7000007629395,Hot Chocolate,17:38:09.3540000
2024-03-05,card,ANON-0000-0000-0028,28.8999996185303,Cortado,17:56:15.7760000
2024-03-05,card,ANON-0000-0000-0028,38.7000007629395,Hot Chocolate,18:01:31.2420000
2024-03-06,cash,No Credit Card Use,35,Americano with Milk,12:30:27.0890000
2024-03-06,card,ANON-0000-0000-0012,28.8999996185303,Americano,13:24:07.6670000
2024-03-06,card,ANON-0000-0000-0012,28.8999996185303,Cortado,13:25:14.3510000
2024-03-06,card,ANON-0000-0000-0029,38.7000007629395,Cappuccino,14:52:01.7610000
2024-03-06,card,ANON-0000-0000-0029,38.7000007629395,Cappuccino,14:53:18.3440000
2024-03-07,cash,No Credit Card Use,40,Latte,10:08:58.9450000
2024-03-07,card,ANON-0000-0000-0030,38.7000007629395,Hot Chocolate,10:18:40.5430000
2024-03-07,card,ANON-0000-0000-0031,38.7000007629395,Latte,11:03:58.9760000
2024-03-07,cash,No Credit Card Use,40,Latte,11:25:43.9770000
2024-03-07,card,ANON-0000-0000-0032,28.8999996185303,Americano,15:40:22.6060000
2024-03-07,card,ANON-0000-0000-0033,33.7999992370605,Americano with Milk,15:41:28.7840000
2024-03-08,card,ANON-0000-0000-0012,28.8999996185303,Cortado,10:34:41.2830000
2024-03-08,card,ANON-0000-0000-0034,38.7000007629395,Cappuccino,12:22:28.6530000
2024-03-08,card,ANON-0000-0000-0035,28.8999996185303,Americano,13:53:02.0420000
2024-03-08,card,ANON-0000-0000-0012,28.8999996185303,Americano,14:44:12.6860000
2024-03-08,card,ANON-0000-0000-0033,28.8999996185303,Americano,14:45:11.0480000
2024-03-08,card,ANON-0000-0000-0012,33.7999992370605,Americano with Milk,14:46:11.1550000
2024-03-08,card,ANON-0000-0000-0036,38.7000007629395,Latte,18:57:51.4510000
2024-03-08,card,ANON-0000-0000-0037,38.7000007629395,Latte,18:59:24.9410000
2024-03-09,cash,No Credit Card Use,40,Hot Chocolate,11:49:37.2920000
2024-03-09,card,ANON-0000-0000-0038,24,Espresso,12:05:15.5590000
2024-03-09,card,ANON-0000-0000-0039,28.8999996185303,Americano,12:07:38.2750000
2024-03-09,card,ANON-0000-0000-0012,38.7000007629395,Cappuccino,12:09:47.7140000
2024-03-09,card,ANON-0000-0000-0040,28.8999996185303,Americano,12:13:03.5210000
2024-03-09,card,ANON-0000-0000-0040,28.8999996185303,Americano,12:14:26.4580000
2024-03-09,card,ANON-0000-0000-0041,38.7000007629395,Latte,13:09:22.2290000
2024-03-09,card,ANON-0000-0000-0042,33.7999992370605,Americano with Milk,13:41:06.1670000
2024-03-09,card,ANON-0000-0000-0043,28.8999996185303,Cortado,13:53:10.4080000
2024-03-09,card,ANON-0000-0000-0043,38.7000007629395,Cappuccino,13:54:36.8280000
2024-03-09,card,ANON-0000-0000-0009,33.7999992370605,Americano with Milk,14:08:01.8290000
2024-03-09,card,ANON-0000-0000-0044,38.7000007629395,Hot Chocolate,14:26:52.8730000
2024-03-09,card,ANON-0000-0000-0009,38.7000007629395,Cappuccino,19:17:57.5720000
2024-03-09,card,ANON-0000-0000-0009,38.7000007629395,Hot Chocolate,19:19:10.0840000
2024-03-10,cash,No Credit Card Use,30,Americano,07:44:18.5380000
2024-03-10,cash,No Credit Card Use,35,Americano with Milk,07:45:29.4410000
2024-03-10,cash,No Credit Card Use,40,Latte,10:06:02.9600000
2024-03-10,card,ANON-0000-0000-0045,24,Espresso,11:19:20.7640000
2024-03-10,cash,No Credit Card Use,35,Americano with Milk,17:51:03.0480000
2024-03-10,card,ANON-0000-0000-0046,38.7000007629395,Latte,19:34:00.4780000
2024-03-10,card,ANON-0000-0000-0046,28.8999996185303,Cortado,19:35:54.7120000
2024-03-11,cash,No Credit Card Use,40,Latte,10:18:46.7240000
2024-03-11,cash,No Credit Card Use,40,Cappuccino,11:24:15.0220000
2024-03-11,cash,No Credit Card Use,30,Cortado,11:24:51.5650000
2024-03-11,cash,No Credit Card Use,30,Americano,11:26:44.2210000
2024-03-11,card,ANON-0000-0000-0035,38.7000007629395,Cappuccino,11:32:58.7810000
2024-03-11,card,ANON-0000-0000-0047,28.8999996185303,Americano,16:24:26.4010000
2024-03-11,card,ANON-0000-0000-0047,38.7000007629395,Latte,16:25:45.6640000
2024-03-11,card,ANON-0000-0000-0048,28.8999996185303,Cortado,16:50:49.6080000
2024-03-12,cash,No Credit Card Use,40,Latte,10:15:00.2970000
2024-03-12,card,ANON-0000-0000-0033,28.8999996185303,Americano,10:15:34.5430000
2024-03-12,card,ANON-0000-0000-0033,28.8999996185303,Cortado,10:16:24.8860000
2024-03-12,card,ANON-0000-0000-0049,38.7000007629395,Hot Chocolate,11:20:45.6320000
2024-03-12,card,ANON-0000-0000-0004,33.7999992370605,Americano with Milk,12:46:23.2750000
2024-03-12,card,ANON-0000-0000-0004,28.8999996185303,Americano,12:47:26.0270000
2024-03-12,card,ANON-0000-0000-0050,28.8999996185303,Americano,16:15:43.3250000
2024-03-13,card,ANON-0000-0000-0048,38.7000007629395,Hot Chocolate,11:06:43.0380000
2024-03-13,card,ANON-0000-0000-0004,28.8999996185303,Americano,11:48:16.7530000
2024-03-13,card,ANON-0000-0000-0051,28.8999996185303,Americano,12:18:06.3360000
2024-03-13,card,ANON-0000-0000-0051,28.8999996185303,Americano,12:19:05.1280000
2024-03-13,cash,No Credit Card Use,25,Espresso,12:34:30.3150000
2024-03-13,card,ANON-0000-0000-0052,33.7999992370605,Americano with Milk,14:26:40.8750000
2024-03-13,card,ANON-0000-0000-0053,24,Espresso,15:40:22.2610000
2024-03-13,card,ANON-0000-0000-0053,24,Espresso,15:41:20.4240000
2024-03-13,card,ANON-0000-0000-0054,24,Espresso,16:47:09.3730000
2024-03-14,cash,No Credit Card Use,40,Latte,10:02:12.2410000
2024-03-14,card,ANON-0000-0000-0055,38.7000007629395,Latte,10:28:33.0170000
2024-03-14,card,ANON-0000-0000-0055,38.7000007629395,Hot Chocolate,10:29:34.2830000
2024-03-14,card,ANON-0000-0000-0012,28.8999996185303,Cortado,13:27:29.5360000
2024-03-14,card,ANON-0000-0000-0012,28.8999996185303,Americano,13:28:24.5270000
2024-03-14,card,ANON-0000-0000-0056,33.7999992370605,Americano with Milk,13:51:59.9050000
2024-03-14,card,ANON-0000-0000-0057,24,Espresso,13:52:56.2480000
2024-03-14,card,ANON-0000-0000-0058,38.7000007629395,Latte,15:20:38.3670000
2024-03-14,card,ANON-0000-0000-0059,33.7999992370605,Americano with Milk,16:04:09.5060000
2024-03-14,card,ANON-0000-0000-0050,24,Espresso,16:54:38.2020000
2024-03-14,card,ANON-0000-0000-0019,38.7000007629395,Hot Chocolate,18:58:55.8540000
2024-03-14,card,ANON-0000-0000-0012,28.8999996185303,Cortado,19:00:08.6630000
2024-03-15,cash,No Credit Card Use,40,Latte,10:02:16.5330000
2024-03-15,card,ANON-0000-0000-0060,38.7000007629395,Hot Chocolate,10:53:02.1800000
2024-03-15,card,ANON-0000-0000-0012,28.8999996185303,Americano,18:19:27.9220000
2024-03-16,card,ANON-0000-0000-0061,33.7999992370605,Americano with Milk,12:06:55.2090000
2024-03-16,card,ANON-0000-0000-0061,28.8999996185303,Americano,12:07:53.9150000
2024-03-16,card,ANON-0000-0000-0009,28.8999996185303,Cortado,15:58:18.4580000
2024-03-16,card,ANON-0000-0000-0009,28.8999996185303,Cortado,16:03:21.7380000
2024-03-16,card,ANON-0000-0000-0012,28.8999996185303,Cortado,16:04:11.4440000
2024-03-16,card,ANON-0000-0000-0062,33.7999992370605,Americano with Milk,17:58:07.2410000
2024-03-17,cash,No Credit Card Use,40,Latte,10:10:21.3990000
2024-03-17,card,ANON-0000-0000-0063,28.8999996185303,Cortado,12:55:26.0650000
2024-03-18,card,ANON-0000-0000-0064,28.8999996185303,Cortado,11:17:59.6710000
2024-03-18,card,ANON-0000-0000-0003,28.8999996185303,Americano,15:31:39.7250000
2024-03-18,card,ANON-0000-0000-0003,28.8999996185303,Americano,15:32:38.2390000
2024-03-18,card,ANON-0000-0000-0003,28.8999996185303,Americano,15:33:36.7080000
2024-03-19,cash,No Credit Card Use,30,Cortado,10:20:25.9960000
2024-03-19,card,ANON-0000-0000-0065,38.7000007629395,Latte,14:02:21.5360000
2024-03-19,card,ANON-0000-0000-0065,38.7000007629395,Latte,14:03:19.7650000
2024-03-19,card,ANON-0000-0000-0049,38.7000007629395,Hot Chocolate,15:04:36.3090000
2024-03-19,card,ANON-0000-0000-0066,33.7999992370605,Americano with Milk,16:53:48.7060000
2024-03-19,cash,No Credit Card Use,40,Hot Chocolate,19:26:32.6770000
2024-03-20,card,ANON-0000-0000-0012,28.8999996185303,Cortado,11:41:16.4030000
2024-03-20,cash,No Credit Card Use,40,Latte,12:21:07.7280000
2024-03-20,card,ANON-0000-0000-0049,28.8999996185303,Cortado,12:30:48.9680000
2024-03-20,card,ANON-0000-0000-0067,38.7000007629395,Cappuccino,13:16:47.3940000
2024-03-20,card,ANON-0000-0000-0050,38.7000007629395,Cocoa,16:42:38.1170000
2024-03-20,card,ANON-0000-0000-0068,38.7000007629395,Latte,17:50:28.7810000
2024-03-21,cash,No Credit Card Use,40,Cappuccino,10:18:56.9770000
2024-03-21,card,ANON-0000-0000-0012,28.8999996185303,Cortado,12:25:09.1940000
2024-03-21,card,ANON-0000-0000-0012,38.7000007629395,Cappuccino,12:26:17.4280000
2024-03-21,cash,No Credit Card Use,30,Americano,17:21:01.4530000
2024-03-21,card,ANON-0000-0000-0012,28.8999996185303,Cortado,17:22:01.3530000
2024-03-21,card,ANON-0000-0000-0069,38.7000007629395,Latte,19:20:36.5080000
2024-03-22,card,ANON-0000-0000-0070,33.7999992370605,Americano with Milk,10:35:53.6190000
2024-03-22,card,ANON-0000-0000-0071,33.7999992370605,Americano with Milk,13:29:20.3430000
2024-03-22,cash,No Credit Card Use,40,Cappuccino,16:15:14.4480000
2024-03-22,card,ANON-0000-0000-0012,28.8999996185303,Americano,17:17:03.7240000
2024-03-22,card,ANON-0000-0000-0012,24,Espresso,17:17:58.9910000
2024-03-22,card,ANON-0000-0000-0050,28.8999996185303,Americano,17:20:49.4900000
2024-03-23,card,ANON-0000-0000-0072,38.7000007629395,Latte,10:43:59.5590000
2024-03-23,card,ANON-0000-0000-0073,33.7999992370605,Americano with Milk,10:45:07.1570000
2024-03-23,card,ANON-0000-0000-0074,38.7000007629395,Cappuccino,13:10:07.6610000
2024-03-23,card,ANON-0000-0000-0074,38.7000007629395,Cocoa,13:11:12.2300000
2024-03-23,card,ANON-0000-0000-0075,33.7999992370605,Americano with Milk,14:44:41.2760000
2024-03-23,card,ANON-0000-0000-0076,38.7000007629395,Latte,15:47:19.0620000
2024-03-23,card,ANON-0000-0000-0076,33.7999992370605,Americano with Milk,15:49:33.8130000
2024-03-23,card,ANON-0000-0000-0009,28.8999996185303,Cortado,16:00:58.3860000
2024-03-24,cash,No Credit Card Use,40,Latte,10:03:56.0050000
2024-03-24,card,ANON-0000-0000-0077,38.7000007629395,Latte,18:45:08.3970000
2024-03-25,card,ANON-0000-0000-0009,38.7000007629395,Latte,10:31:47.2500000
2024-03-25,cash,No Credit Card Use,35,Americano with Milk,11:16:25.6710000
2024-03-25,card,ANON-0000-0000-0078,38.7000007629395,Latte,14:27:09.1630000
2024-03-25,card,ANON-0000-0000-0017,38.7000007629395,Latte,14:29:25.3430000
2024-03-25,card,ANON-0000-0000-0024,33.7999992370605,Americano with Milk,18:37:30.6500000
2024-03-25,card,ANON-0000-0000-0079,38.7000007629395,Cappuccino,19:34:24.5420000
2024-03-26,card,ANON-0000-0000-0055,38.7000007629395,Cocoa,10:35:49.6790000
2024-03-26,card,ANON-0000-0000-0055,38.7000007629395,Latte,10:36:36.1510000
2024-03-26,card,ANON-0000-0000-0080,38.7000007629395,Latte,10:42:30.1700000
2024-03-26,card,ANON-0000-0000-0009,28.8999996185303,Cortado,11:11:47.3350000
2024-03-26,card,ANON-0000-0000-0003,28.8999996185303,Americano,13:35:52.7730000
2024-03-26,card,ANON-0000-0000-0032,28.8999996185303,Cortado,13:36:49.6440000
2024-03-26,card,ANON-0000-0000-0059,28.8999996185303,Cortado,13:37:59.7230000
2024-03-26,card,ANON-0000-0000-0050,28.8999996185303,Americano,13:57:53.6770000
2024-03-26,card,ANON-0000-0000-0081,38.7000007629395,Latte,15:48:02.2700000
2024-03-26,card,ANON-0000-0000-0024,38.7000007629395,Latte,18:33:38.5680000
2024-03-26,card,ANON-0000-0000-0009,38.7000007629395,Hot Chocolate,18:34:54.6480000
2024-03-27,card,ANON-0000-0000-0003,28.8999996185303,Cortado,11:04:51.1740000
2024-03-27,card,ANON-0000-0000-0003,33.7999992370605,Americano with Milk,11:05:58.2360000
2024-03-27,card,ANON-0000-0000-0082,33.7999992370605,Americano with Milk,12:57:00.4620000
2024-03-27,card,ANON-0000-0000-0083,38.7000007629395,Hot Chocolate,13:35:20.0390000
2024-03-27,card,ANON-0000-0000-0012,38.7000007629395,Cappuccino,14:22:31.6620000
2024-03-27,card,ANON-0000-0000-0012,28.8999996185303,Americano,14:23:35.3800000
2024-03-27,card,ANON-0000-0000-0084,28.8999996185303,Cortado,18:30:11.8330000
2024-03-27,cash,No Credit Card Use,40,Latte,19:31:12.4420000
2024-03-28,card,ANON-0000-0000-0085,28.8999996185303,Cortado,14:24:47.0920000
2024-03-28,card,ANON-0000-0000-0012,28.8999996185303,Cortado,17:24:46.2440000
2024-03-28,card,ANON-0000-0000-0012,28.8999996185303,Americano,17:27:05.3040000
2024-03-28,card,ANON-0000-0000-0086,38.7000007629395,Latte,17:32:44.6520000
2024-03-29,card,ANON-0000-0000-0087,38.7000007629395,Latte,10:56:19.4950000
2024-03-29,card,ANON-0000-0000-0088,38.7000007629395,Cappuccino,12:34:17.3830000
2024-03-29,card,ANON-0000-0000-0088,38.7000007629395,Cappuccino,12:41:32.1250000
2024-03-29,cash,No Credit Card Use,40,Cappuccino,13:22:44.6180000
2024-03-30,card,ANON-0000-0000-0069,38.7000007629395,Latte,11:59:19.8540000
2024-03-30,cash,No Credit Card Use,40,Cappuccino,13:49:25.8150000
2024-03-30,card,ANON-0000-0000-0017,38.7000007629395,Latte,16:12:31.7860000
2024-03-30,card,ANON-0000-0000-0009,38.7000007629395,Latte,16:36:40.5130000
2024-03-30,card,ANON-0000-0000-0009,33.7999992370605,Americano with Milk,16:37:57.5530000
2024-03-31,card,ANON-0000-0000-0089,38.7000007629395,Cappuccino,10:40:04.5230000
2024-03-31,cash,No Credit Card Use,30,Americano,19:36:45.0000000
2024-04-01,card,ANON-0000-0000-0004,28.8999996185303,Americano,10:28:47.6010000
2024-04-01,card,ANON-0000-0000-0004,33.7999992370605,Americano with Milk,10:29:42.3180000
2024-04-01,card,ANON-0000-0000-0004,33.7999992370605,Americano with Milk,10:30:43.7350000
2024-04-01,card,ANON-0000-0000-0009,33.7999992370605,Americano with Milk,11:15:43.8360000
2024-04-01,cash,No Credit Card Use,40,Cappuccino,17:01:42.9240000
2024-04-01,card,ANON-0000-0000-0024,33.7999992370605,Americano with Milk,18:18:42.3720000
2024-04-01,card,ANON-0000-0000-0090,38.7000007629395,Hot Chocolate,18:45:27.4360000
2024-04-02,card,ANON-0000-0000-0001,38.7000007629395,Latte,10:01:14.0220000
2024-04-02,card,ANON-0000-0000-0003,28.8999996185303,Americano,16:18:34.1690000
2024-04-02,card,ANON-0000-0000-0003,28.8999996185303,Cortado,16:19:28.4600000
2024-04-02,cash,No Credit Card Use,40,Cappuccino,19:59:31.9420000
2024-04-03,card,ANON-0000-0000-0003,28.8999996185303,Cortado,10:19:13.6440000
2024-04-03,card,ANON-0000-0000-0003,28.8999996185303,Americano,10:20:07.6550000
2024-04-03,card,ANON-0000-0000-0012,38.7000007629395,Cappuccino,13:12:05.3670000
2024-04-03,cash,No Credit Card Use,30,Cortado,15:36:11.7350000
2024-04-04,card,ANON-0000-0000-0091,38.7000007629395,Latte,10:44:55.9880000
2024-04-04,card,ANON-0000-0000-0092,38.7000007629395,Latte,11:26:38.0850000
2024-04-04,card,ANON-0000-0000-0093,38.7000007629395,Cappuccino,11:27:48.4110000
2024-04-04,card,ANON-0000-0000-0094,28.8999996185303,Cortado,12:23:02.2160000
2024-04-04,cash,No Credit Card Use,40,Latte,19:42:07.7400000
2024-04-05,card,ANON-0000-0000-0095,28.8999996185303,Americano,10:40:42.7280000
2024-04-05,card,ANON-0000-0000-0012,28.8999996185303,Americano,10:42:06.2040000
2024-04-05,card,ANON-0000-0000-0096,28.8999996185303,Cortado,11:06:14.6430000
2024-04-05,card,ANON-0000-0000-0097,33.7999992370605,Americano with Milk,12:14:27.9750000
2024-04-05,card,ANON-0000-0000-0098,38.7000007629395,Latte,14:23:40.3870000
2024-04-05,card,ANON-0000-0000-0098,28.8999996185303,Cortado,14:24:50.4170000
2024-04-05,cash,No Credit Card Use,40,Latte,15:30:50.3830000
2024-04-05,cash,No Credit Card Use,40,Cappuccino,15:54:15.7680000
2024-04-05,cash,No Credit Card Use,30,Americano,15:55:30.9470000
2024-04-05,cash,No Credit Card Use,40,Cocoa,16:17:43.9750000
2024-04-05,card,ANON-0000-0000-0003,24,Espresso,16:18:23.5580000
2024-04-06,card,ANON-0000-0000-0099,33.7999992370605,Americano with Milk,12:32:31.3980000
2024-04-06,card,ANON-0000-0000-0040,38.7000007629395,Cappuccino,14:13:18.7330000
2024-04-06,card,ANON-0000-0000-0040,28.8999996185303,Americano,14:14:27.0290000
2024-04-06,card,ANON-0000-0000-0009,38.7000007629395,Latte,14:49:50.1830000
2024-04-07,card,ANON-0000-0000-0091,38.7000007629395,Latte,10:12:53.2040000
2024-04-07,card,ANON-0000-0000-0040,38.7000007629395,Cappuccino,12:44:31.9360000
2024-04-07,card,ANON-0000-0000-0040,38.7000007629395,Cappuccino,12:46:05.1180000
2024-04-07,card,ANON-0000-0000-0100,28.8999996185303,Cortado,14:16:24.9490000
2024-04-07,card,ANON-0000-0000-0100,24,Espresso,14:17:30.6280000
2024-04-07,card,ANON-0000-0000-0101,38.7000007629395,Hot Chocolate,18:01:16.6080000
2024-04-07,card,ANON-0000-0000-0101,33.7999992370605,Americano with Milk,18:02:03.8780000
2024-04-08,card,ANON-0000-0000-0102,33.7999992370605,Americano with Milk,10:58:21.1060000
2024-04-08,card,ANON-0000-0000-0103,38.7000007629395,Cappuccino,10:59:27.5580000
2024-04-08,card,ANON-0000-0000-0012,28.8999996185303,Americano,11:01:20.4640000
2024-04-08,card,ANON-0000-0000-0104,38.7000007629395,Cappuccino,11:04:47.0300000
2024-04-08,cash,No Credit Card Use,25,Espresso,12:54:25.8970000
2024-04-08,cash,No Credit Card Use,35,Americano with Milk,15:43:36.8810000
2024-04-08,card,ANON-0000-0000-0017,38.7000007629395,Latte,16:41:37.8060000
2024-04-08,card,ANON-0000-0000-0105,28.8999996185303,Americano,18:18:09.7130000
2024-04-08,card,ANON-0000-0000-0024,33.7999992370605,Americano with Milk,19:22:27.4770000
2024-04-08,card,ANON-0000-0000-0106,38.7000007629395,Cappuccino,19:23:59.2680000
2024-04-09,cash,No Credit Card Use,40,Cappuccino,10:22:27.3590000
2024-04-09,cash,No Credit Card Use,30,Americano,10:24:10.1030000
2024-04-09,card,ANON-0000-0000-0091,38.7000007629395,Latte,11:42:28.4680000
2024-04-09,card,ANON-0000-0000-0107,38.7000007629395,Hot Chocolate,15:11:48.7200000
2024-04-09,card,ANON-0000-0000-0049,38.7000007629395,Hot Chocolate,17:25:23.9360000
2024-04-10,cash,No Credit Card Use,25,Espresso,10:21:26.1750000
2024-04-10,cash,No Credit Card Use,40,Hot Chocolate,17:55:07.0180000
2024-04-10,card,ANON-0000-0000-0108,24,Espresso,17:55:31.2440000
2024-04-10,card,ANON-0000-0000-0009,38.7000007629395,Cappuccino,18:24:59.2900000
2024-04-10,card,ANON-0000-0000-0109,38.7000007629395,Latte,20:04:05.3860000
2024-04-11,card,ANON-0000-0000-0110,28.8999996185303,Americano,10:41:23.1550000
2024-04-11,card,ANON-0000-0000-0110,28.8999996185303,Americano,10:42:59.3650000
2024-04-11,card,ANON-0000-0000-0017,38.7000007629395,Latte,16:35:23.0690000
2024-04-11,card,ANON-0000-0000-0106,38.7000007629395,Cappuccino,19:16:56.5880000
2024-04-11,card,ANON-0000-0000-0024,33.7999992370605,Americano with Milk,19:18:36.6190000
2024-04-12,card,ANON-0000-0000-0019,38.7000007629395,Hot Chocolate,19:03:43.4030000
2024-04-12,card,ANON-0000-0000-0009,28.8999996185303,Cortado,19:38:23.1890000
2024-04-13,card,ANON-0000-0000-0009,38.7000007629395,Latte,12:29:19.8230000
2024-04-13,card,ANON-0000-0000-0012,28.8999996185303,Americano,12:43:02.3890000
2024-04-13,cash,No Credit Card Use,40,Hot Chocolate,15:06:52.2920000
2024-04-13,cash,No Credit Card Use,40,Hot Chocolate,15:07:55.9660000
2024-04-13,card,ANON-0000-0000-0111,38.7000007629395,Cappuccino,16:18:03.9380000
2024-04-13,card,ANON-0000-0000-0111,38.7000007629395,Latte,16:19:39.7990000
2024-04-13,card,ANON-0000-0000-0112,38.7000007629395,Cappuccino,17:51:26.0260000
2024-04-13,card,ANON-0000-0000-0012,38.7000007629395,Cappuccino,17:53:19.2370000
2024-04-14,cash,No Credit Card Use,40,Latte,10:55:27.4060000
2024-04-14,card,ANON-0000-0000-0113,38.7000007629395,Cappuccino,12:24:39.0280000
2024-04-14,cash,No Credit Card Use,30,Cortado,12:27:08.9510000
2024-04-14,cash,No Credit Card Use,30,Cortado,12:29:06.8770000
2024-04-14,cash,No Credit Card Use,35,Americano with Milk,12:31:36.0360000
2024-04-14,card,ANON-0000-0000-0114,28.8999996185303,Cortado,13:21:49.8080000
2024-04-14,card,ANON-0000-0000-0012,28.8999996185303,Americano,14:23:31.6310000
2024-04-14,card,ANON-0000-0000-0012,28.8999996185303,Americano,14:24:26.9300000
2024-04-14,card,ANON-0000-0000-0012,28.8999996185303,Americano,14:25:18.1220000
2024-04-14,card,ANON-0000-0000-0017,38.7000007629395,Cappuccino,15:46:27.7330000
2024-04-14,card,ANON-0000-0000-0012,28.8999996185303,Cortado,16:59:54.8230000
2024-04-14,card,ANON-0000-0000-0019,38.7000007629395,Latte,17:00:45.3870000
2024-04-14,card,ANON-0000-0000-0115,38.7000007629395,Cappuccino,18:38:19.6490000
2024-04-15,card,ANON-0000-0000-0064,28.8999996185303,Americano,11:45:24.6190000
2024-04-15,card,ANON-0000-0000-0003,28.8999996185303,Americano,17:01:46.3590000
2024-04-15,card,ANON-0000-0000-0004,33.7999992370605,Americano with Milk,17:02:49.7480000
2024-04-15,card,ANON-0000-0000-0009,33.7999992370605,Americano with Milk,19:33:03.0360000
2024-04-15,cash,No Credit Card Use,25,Espresso,19:41:58.1120000
2024-04-16,cash,No Credit Card Use,35,Americano with Milk,10:43:49.9070000
2024-04-16,card,ANON-0000-0000-0116,33.7999992370605,Americano with Milk,10:46:25.7060000
2024-04-16,card,ANON-0000-0000-0117,38.7000007629395,Cocoa,12:40:47.6750000
2024-04-16,card,ANON-0000-0000-0064,28.8999996185303,Cortado,12:52:07.7500000
2024-04-16,card,ANON-0000-0000-0118,28.8999996185303,Americano,15:03:16.8890000
2024-04-16,card,ANON-0000-0000-0024,33.7999992370605,Americano with Milk,17:42:04.2080000
2024-04-16,card,ANON-0000-0000-0009,38.7000007629395,Cappuccino,17:43:22.9600000
2024-04-16,card,ANON-0000-0000-0050,38.7000007629395,Cocoa,18:09:05.2730000
2024-04-17,card,ANON-0000-0000-0012,28.8999996185303,Americano,13:32:59.7920000
2024-04-17,card,ANON-0000-0000-0119,24,Espresso,13:44:00.1810000
2024-04-17,cash,No Credit Card Use,40,Cappuccino,16:13:24.3100000
2024-04-17,card,ANON-0000-0000-0120,38.7000007629395,Cappuccino,17:01:35.1490000
2024-04-17,card,ANON-0000-0000-0120,38.7000007629395,Cappuccino,17:02:40.6870000
2024-04-17,card,ANON-0000-0000-0121,28.8999996185303,Cortado,18:14:03.2290000
2024-04-18,card,ANON-0000-0000-0003,28.8999996185303,Americano,11:19:01.6930000
2024-04-18,card,ANON-0000-0000-0003,28.8999996185303,Americano,11:20:05.6960000
2024-04-18,card,ANON-0000-0000-0122,33.7999992370605,Americano with Milk,13:49:12.7200000
2024-04-18,card,ANON-0000-0000-0122,28.8999996185303,Cortado,13:50:17.2850000
2024-04-18,card,ANON-0000-0000-0123,38.7000007629395,Cappuccino,14:34:19.8180000
2024-04-18,card,ANON-0000-0000-0123,38.7000007629395,Latte,14:35:49.3540000
2024-04-18,card,ANON-0000-0000-0069,38.7000007629395,Latte,17:44:15.7910000
2024-04-18,card,ANON-0000-0000-0085,38.7000007629395,Cappuccino,18:21:05.9450000
2024-04-18,card,ANON-0000-0000-0024,38.7000007629395,Hot Chocolate,19:39:51.1930000
2024-04-18,card,ANON-0000-0000-0009,38.7000007629395,Hot Chocolate,19:40:48.9540000
2024-04-19,card,ANON-0000-0000-0001,38.7000007629395,Latte,10:10:36.2540000
2024-04-19,card,ANON-0000-0000-0040,33.7999992370605,Americano with Milk,13:11:47.8480000
2024-04-19,card,ANON-0000-0000-0040,38.7000007629395,Cappuccino,13:13:20.8760000
2024-04-19,card,ANON-0000-0000-0124,38.7000007629395,Hot Chocolate,13:58:54.0640000
2024-04-19,card,ANON-0000-0000-0124,38.7000007629395,Cappuccino,13:59:49.6900000
2024-04-19,card,ANON-0000-0000-0024,38.7000007629395,Cocoa,18:23:19.3110000
2024-04-19,card,ANON-0000-0000-0009,33.7999992370605,Americano with Milk,18:25:33.4400000
2024-04-20,cash,No Credit Card Use,35,Americano with Milk,11:24:42.6810000
2024-04-20,card,ANON-0000-0000-0125,33.7999992370605,Americano with Milk,12:08:35.7010000
2024-04-20,card,ANON-0000-0000-0125,33.7999992370605,Americano with Milk,12:09:42.6640000
2024-04-20,card,ANON-0000-0000-0118,28.8999996185303,Americano,13:08:37.3780000
2024-04-20,card,ANON-0000-0000-0118,33.7999992370605,Americano with Milk,13:09:47.9050000
2024-04-20,card,ANON-0000-0000-0118,38.7000007629395,Hot Chocolate,13:10:55.1510000
2024-04-20,card,ANON-0000-0000-0040,38.7000007629395,Cappuccino,14:44:18.1180000
2024-04-20,card,ANON-0000-0000-0009,33.7999992370605,Americano with Milk,15:11:00.3300000
2024-04-20,card,ANON-0000-0000-0012,32.8199996948242,Americano with Milk,15:22:40.7170000
2024-04-20,card,ANON-0000-0000-0126,32.8199996948242,Americano with Milk,15:49:25.1480000
2024-04-20,cash,No Credit Card Use,39,Cocoa,17:07:57.9690000
2024-04-20,card,ANON-0000-0000-0127,37.7200012207031,Cappuccino,18:27:41.4960000
2024-04-20,card,ANON-0000-0000-0127,37.7200012207031,Cappuccino,18:28:46.9000000
2024-04-20,card,ANON-0000-0000-0128,37.7200012207031,Latte,19:30:55.3170000
2024-04-21,card,ANON-0000-0000-0001,37.7200012207031,Latte,11:16:45.7070000
2024-04-21,card,ANON-0000-0000-0099,27.9200000762939,Americano,14:15:37.5410000
2024-04-21,cash,No Credit Card Use,39,Cappuccino,17:09:03.1990000
2024-04-22,card,ANON-0000-0000-0012,27.9200000762939,Americano,11:09:16.4120000
2024-04-22,card,ANON-0000-0000-0129,32.8199996948242,Americano with Milk,11:29:27.0990000
2024-04-22,cash,No Credit Card Use,39,Latte,18:40:33.0240000
2024-04-22,card,ANON-0000-0000-0009,37.7200012207031,Latte,19:39:04.7590000
2024-04-22,cash,No Credit Card Use,39,Cappuccino,20:02:29.1650000
2024-04-23,card,ANON-0000-0000-0025,37.7200012207031,Cappuccino,14:22:35.9950000
2024-04-23,card,ANON-0000-0000-0024,32.8199996948242,Americano with Milk,14:23:53.1440000
2024-04-23,card,ANON-0000-0000-0009,37.7200012207031,Cappuccino,14:24:57.5150000
2024-04-23,card,ANON-0000-0000-0130,32.8199996948242,Americano with Milk,19:42:27.7650000
2024-04-23,card,ANON-0000-0000-0130,32.8199996948242,Americano with Milk,19:43:26.2340000
2024-04-24,card,ANON-0000-0000-0001,37.7200012207031,Latte,10:19:38.3460000
2024-04-24,card,ANON-0000-0000-0131,32.8199996948242,Americano with Milk,10:21:27.2870000
2024-04-24,card,ANON-0000-0000-0132,32.8199996948242,Americano with Milk,11:23:46.1020000
2024-04-24,card,ANON-0000-0000-0133,32.8199996948242,Americano with Milk,11:33:26.3470000
2024-04-24,card,ANON-0000-0000-0059,32.8199996948242,Americano with Milk,12:39:09.2980000
2024-04-24,card,ANON-0000-0000-0009,32.8199996948242,Americano with Milk,16:39:07.4230000
2024-04-24,card,ANON-0000-0000-0134,32.8199996948242,Americano with Milk,19:39:49.9830000
2024-04-24,card,ANON-0000-0000-0134,37.7200012207031,Cappuccino,19:40:54.0310000
2024-04-25,card,ANON-0000-0000-0135,27.9200000762939,Americano,10:46:08.0570000
2024-04-25,card,ANON-0000-0000-0009,37.7200012207031,Latte,15:18:26.9710000
2024-04-25,card,ANON-0000-0000-0012,27.9200000762939,Americano,17:09:43.5340000
2024-04-25,card,ANON-0000-0000-0012,27.9200000762939,Americano,17:10:49.1530000
2024-04-26,card,ANON-0000-0000-0001,37.7200012207031,Latte,10:12:50.6180000
2024-04-26,card,ANON-0000-0000-0136,37.7200012207031,Latte,12:01:30.5800000
2024-04-26,card,ANON-0000-0000-0137,37.7200012207031,Cappuccino,13:31:28.2970000
2024-04-26,card,ANON-0000-0000-0012,27.9200000762939,Americano,15:32:35.3900000
2024-04-26,card,ANON-0000-0000-0012,27.9200000762939,Americano,15:33:33.1320000
2024-04-26,card,ANON-0000-0000-0138,27.9200000762939,Cortado,16:23:26.5140000
2024-04-26,card,ANON-0000-0000-0139,27.9200000762939,Americano,16:24:33.8000000
2024-04-26,card,ANON-0000-0000-0009,37.7200012207031,Hot Chocolate,19:32:07.1120000
2024-04-26,card,ANON-0000-0000-0009,37.7200012207031,Cocoa,19:33:30.2200000
2024-04-27,card,ANON-0000-0000-0009,37.7200012207031,Cappuccino,15:27:00.6800000
2024-04-28,card,ANON-0000-0000-0001,37.7200012207031,Latte,10:32:52.4790000
2024-04-28,card,ANON-0000-0000-0140,37.7200012207031,Cappuccino,12:30:09.7490000
2024-04-28,card,ANON-0000-0000-0012,27.9200000762939,Americano,18:27:08.2300000
2024-04-28,card,ANON-0000-0000-0012,27.9200000762939,Americano,18:28:11.4110000
2024-04-28,card,ANON-0000-0000-0019,37.7200012207031,Latte,18:29:02.3740000
2024-04-29,card,ANON-0000-0000-0141,27.9200000762939,Cortado,11:26:31.8710000
2024-04-29,card,ANON-0000-0000-0003,27.9200000762939,Americano,13:27:56.9490000
2024-04-29,card,ANON-0000-0000-0003,27.9200000762939,Cortado,13:28:53.8990000
2024-04-29,card,ANON-0000-0000-0141,27.9200000762939,Cortado,13:53:35.7300000
2024-04-29,card,ANON-0000-0000-0141,32.8199996948242,Americano with Milk,13:54:24.3570000
2024-04-29,card,ANON-0000-0000-0140,37.7200012207031,Cappuccino,18:37:48.4060000
2024-04-29,card,ANON-0000-0000-0134,37.7200012207031,Cappuccino,19:12:33.1940000
2024-04-29,card,ANON-0000-0000-0134,37.7200012207031,Cappuccino,19:13:37.8780000
2024-04-30,card,ANON-0000-0000-0142,37.7200012207031,Latte,10:16:41.4930000
2024-04-30,card,ANON-0000-0000-0142,32.8199996948242,Americano with Milk,10:34:52.2500000
2024-04-30,card,ANON-0000-0000-0142,32.8199996948242,Americano with Milk,10:35:47.6170000
2024-04-30,card,ANON-0000-0000-0142,27.9200000762939,Americano,13:41:52.3250000
2024-04-30,card,ANON-0000-0000-0142,32.8199996948242,Americano with Milk,13:42:59.9770000
2024-04-30,card,ANON-0000-0000-0142,37.7200012207031,Cappuccino,19:19:18.1390000
2024-04-30,card,ANON-0000-0000-0142,32.8199996948242,Americano with Milk,19:30:04.0030000
2024-04-30,card,ANON-0000-0000-0142,37.7200012207031,Latte,19:31:20.9520000
2024-05-02,card,ANON-0000-0000-0143,27.9200000762939,Americano,10:33:55.7460000
2024-05-02,cash,No Credit Card Use,39,Latte,11:29:57.0800000
2024-05-02,card,ANON-0000-0000-0133,32.8199996948242,Americano with Milk,13:49:39.8980000
2024-05-02,card,ANON-0000-0000-0144,37.7200012207031,Cappuccino,18:36:22.1380000
2024-05-02,card,ANON-0000-0000-0024,32.8199996948242,Americano with Milk,18:41:11.2200000
2024-05-02,card,ANON-0000-0000-0145,37.7200012207031,Latte,19:18:33.0840000
2024-05-02,card,ANON-0000-0000-0145,37.7200012207031,Cappuccino,19:19:56.3590000
2024-05-03,cash,No Credit Card Use,39,Latte,10:11:53.3990000
2024-05-03,card,ANON-0000-0000-0146,37.7200012207031,Latte,14:30:00.9230000
2024-05-03,card,ANON-0000-0000-0147,37.7200012207031,Latte,17:03:24.9050000
2024-05-06,card,ANON-0000-0000-0148,27.9200000762939,Americano,10:05:17.9200000
2024-05-06,card,ANON-0000-0000-0149,37.7200012207031,Cappuccino,10:06:51.6250000
2024-05-06,card,ANON-0000-0000-0149,32.8199996948242,Americano with Milk,10:08:05.8630000
2024-05-06,card,ANON-0000-0000-0150,27.9200000762939,Americano,10:09:07.9770000
2024-05-06,card,ANON-0000-0000-0141,27.9200000762939,Cortado,10:39:12.6410000
2024-05-06,cash,No Credit Card Use,29,Americano,11:34:20.6400000
2024-05-06,card,ANON-0000-0000-0148,27.9200000762939,Cortado,13:18:10.9900000
2024-05-06,card,ANON-0000-0000-0148,27.9200000762939,Americano,13:19:00.8110000
2024-05-06,card,ANON-0000-0000-0151,37.7200012207031,Cappuccino,19:18:12.9890000
2024-05-06,card,ANON-0000-0000-0151,37.7200012207031,Cappuccino,19:19:49.5480000
2024-05-07,card,ANON-0000-0000-0148,37.7200012207031,Cocoa,10:44:55.5820000
2024-05-07,card,ANON-0000-0000-0141,27.9200000762939,Cortado,11:21:58.4930000
2024-05-07,card,ANON-0000-0000-0077,27.9200000762939,Cortado,13:23:34.9430000
2024-05-07,card,ANON-0000-0000-0148,37.7200012207031,Cocoa,16:42:07.9000000
2024-05-07,card,ANON-0000-0000-0152,27.9200000762939,Americano,16:55:38.8050000
2024-05-07,card,ANON-0000-0000-0153,37.7200012207031,Cappuccino,17:37:46.4120000
2024-05-07,card,ANON-0000-0000-0153,37.7200012207031,Latte,17:38:48.1950000
2024-05-07,cash,No Credit Card Use,34,Americano with Milk,18:35:37.2350000
2024-05-07,card,ANON-0000-0000-0154,37.7200012207031,Cappuccino,19:12:12.5240000
2024-05-07,card,ANON-0000-0000-0154,37.7200012207031,Cappuccino,19:13:12.1950000
2024-05-08,card,ANON-0000-0000-0001,37.7200012207031,Latte,10:07:28.8630000
2024-05-09,card,ANON-0000-0000-0155,37.7200012207031,Cappuccino,12:54:21.8120000
2024-05-09,card,ANON-0000-0000-0156,27.9200000762939,Americano,13:03:58.5560000
2024-05-09,card,ANON-0000-0000-0156,37.7200012207031,Latte,13:04:57.6470000
2024-05-09,card,ANON-0000-0000-0156,37.7200012207031,Latte,13:06:11.2610000
2024-05-09,card,ANON-0000-0000-0156,37.7200012207031,Latte,13:07:16.4090000
2024-05-09,card,ANON-0000-0000-0118,27.9200000762939,Americano,16:55:14.6010000
2024-05-09,card,ANON-0000-0000-0118,27.9200000762939,Americano,16:56:14.9890000
2024-05-09,card,ANON-0000-0000-0157,27.9200000762939,Americano,18:01:29.8950000
2024-05-09,card,ANON-0000-0000-0143,32.8199996948242,Americano with Milk,18:13:56.2260000
2024-05-10,cash,No Credit Card Use,39,Latte,10:09:21.9720000
2024-05-10,card,ANON-0000-0000-0158,37.7200012207031,Latte,15:46:21.5110000
2024-05-10,card,ANON-0000-0000-0158,37.7200012207031,Latte,15:47:32.5080000
2024-05-10,cash,No Credit Card Use,34,Americano with Milk,16:20:15.0840000
2024-05-11,card,ANON-0000-0000-0069,37.7200012207031,Latte,11:39:52.8780000
2024-05-11,cash,No Credit Card Use,39,Latte,17:02:43.6480000
2024-05-11,card,ANON-0000-0000-0009,32.8199996948242,Americano with Milk,17:20:30.3980000
2024-05-11,card,ANON-0000-0000-0026,37.7200012207031,Cocoa,17:21:56.1170000
2024-05-11,card,ANON-0000-0000-0040,37.7200012207031,Cappuccino,17:23:57.3010000
2024-05-11,card,ANON-0000-0000-0012,32.8199996948242,Americano with Milk,17:28:54.1320000
2024-05-11,card,ANON-0000-0000-0115,37.7200012207031,Cappuccino,18:35:40.2570000
2024-05-11,card,ANON-0000-0000-0159,37.7200012207031,Latte,19:38:16.0960000
2024-05-12,card,ANON-0000-0000-0001,37.7200012207031,Latte,10:20:42.5120000
2024-05-12,card,ANON-0000-0000-0160,37.7200012207031,Latte,13:24:03.4650000
2024-05-12,card,ANON-0000-0000-0161,27.9200000762939,Americano,13:27:39.0430000
2024-05-12,card,ANON-0000-0000-0077,37.7200012207031,Latte,15:16:19.8150000
2024-05-12,card,ANON-0000-0000-0162,32.8199996948242,Americano with Milk,15:38:02.4220000
2024-05-12,card,ANON-0000-0000-0163,32.8199996948242,Americano with Milk,15:52:14.8710000
2024-05-12,card,ANON-0000-0000-0012,32.8199996948242,Americano with Milk,16:04:21.1330000
2024-05-12,card,ANON-0000-0000-0009,32.8199996948242,Americano with Milk,19:41:30.5690000
2024-05-13,card,ANON-0000-0000-0164,32.8199996948242,Americano with Milk,11:03:53.3480000
2024-05-13,cash,No Credit Card Use,29,Americano,15:31:10.7630000
2024-05-13,cash,No Credit Card Use,29,Americano,15:31:50.9070000
2024-05-14,card,ANON-0000-0000-0012,27.9200000762939,Americano,08:38:14.5810000
2024-05-14,card,ANON-0000-0000-0012,27.9200000762939,Americano,08:39:25.4550000
2024-05-14,card,ANON-0000-0000-0012,27.9200000762939,Americano,08:40:17.4840000
2024-05-14,card,ANON-0000-0000-0012,37.7200012207031,Cappuccino,10:19:23.1740000
2024-05-14,card,ANON-0000-0000-0165,37.7200012207031,Latte,11:32:29.3720000
2024-05-14,card,ANON-0000-0000-0165,37.7200012207031,Cappuccino,11:34:12.8510000
2024-05-14,card,ANON-0000-0000-0025,37.7200012207031,Cappuccino,14:04:54.5800000
2024-05-14,card,ANON-0000-0000-0009,32.8199996948242,Americano with Milk,14:06:00.3780000
2024-05-14,card,ANON-0000-0000-0040,27.9200000762939,Americano,15:01:54.7850000
2024-05-14,card,ANON-0000-0000-0166,32.8199996948242,Americano with Milk,16:57:57.2240000
2024-05-14,card,ANON-0000-0000-0166,37.7200012207031,Cappuccino,16:59:10.1940000
2024-05-14,card,ANON-0000-0000-0167,37.7200012207031,Hot Chocolate,22:51:25.2270000
2024-05-15,card,ANON-0000-0000-0168,37.7200012207031,Latte,08:40:05.6610000
2024-05-15,card,ANON-0000-0000-0012,23.0200004577637,Espresso,11:14:19.3530000
2024-05-15,card,ANON-0000-0000-0012,27.9200000762939,Americano,11:19:10.0490000
2024-05-15,card,ANON-0000-0000-0003,27.9200000762939,Americano,13:34:35.1020000
2024-05-15,card,ANON-0000-0000-0003,27.9200000762939,Americano,13:35:29.1710000
2024-05-15,card,ANON-0000-0000-0003,27.9200000762939,Americano,13:36:27.3390000
2024-05-15,card,ANON-0000-0000-0164,32.8199996948242,Americano with Milk,13:55:28.9990000
2024-05-15,cash,No Credit Card Use,29,Americano,14:38:10.8470000
2024-05-15,card,ANON-0000-0000-0169,27.9200000762939,Cortado,14:38:52.3470000
2024-05-15,card,ANON-0000-0000-0012,27.9200000762939,Cortado,14:39:44.3670000
2024-05-15,card,ANON-0000-0000-0170,23.0200004577637,Espresso,17:28:58.6200000
2024-05-15,card,ANON-0000-0000-0171,37.7200012207031,Cappuccino,20:20:34.7690000
2024-05-16,card,ANON-0000-0000-0097,32.8199996948242,Americano with Milk,10:38:42.4580000
2024-05-16,card,ANON-0000-0000-0172,32.8199996948242,Americano with Milk,10:39:49.4310000
2024-05-16,cash,No Credit Card Use,39,Latte,11:42:50.2850000
2024-05-16,cash,No Credit Card Use,39,Cappuccino,11:44:20.8110000
2024-05-16,card,ANON-0000-0000-0173,32.8199996948242,Americano with Milk,12:14:00.0970000
2024-05-16,card,ANON-0000-0000-0174,37.7200012207031,Hot Chocolate,15:15:16.3150000
2024-05-16,card,ANON-0000-0000-0069,37.7200012207031,Latte,17:44:31.5480000
2024-05-16,card,ANON-0000-0000-0175,37.7200012207031,Hot Chocolate,18:12:56.9340000
2024-05-16,card,ANON-0000-0000-0175,37.7200012207031,Latte,18:13:58.1910000
2024-05-17,card,ANON-0000-0000-0033,27.9200000762939,Americano,09:00:48.4560000
2024-05-17,card,ANON-0000-0000-0164,32.8199996948242,Americano with Milk,11:30:27.5530000
2024-05-17,cash,No Credit Card Use,34,Americano with Milk,14:58:03.0600000
2024-05-17,card,ANON-0000-0000-0012,32.8199996948242,Americano with Milk,19:55:18.5340000
2024-05-17,card,ANON-0000-0000-0009,37.7200012207031,Cappuccino,19:56:46.7510000
2024-05-17,card,ANON-0000-0000-0176,37.7200012207031,Cappuccino,20:37:52.9300000
2024-05-17,card,ANON-0000-0000-0177,27.9200000762939,Americano,22:34:50.7970000
2024-05-17,card,ANON-0000-0000-0178,37.7200012207031,Latte,22:36:33.3570000
2024-05-17,card,ANON-0000-0000-0179,37.7200012207031,Latte,22:37:42.8210000
2024-05-18,card,ANON-0000-0000-0180,37.7200012207031,Cappuccino,08:01:37.8980000
2024-05-18,card,ANON-0000-0000-0180,37.7200012207031,Cappuccino,08:02:39.9590000
2024-05-18,card,ANON-0000-0000-0181,32.8199996948242,Americano with Milk,11:15:56.0890000
2024-05-18,card,ANON-0000-0000-0172,32.8199996948242,Americano with Milk,16:48:29.3740000
2024-05-18,card,ANON-0000-0000-0097,32.8199996948242,Americano with Milk,16:49:27.1310000
2024-05-18,card,ANON-0000-0000-0040,32.8199996948242,Americano with Milk,19:58:44.2100000
2024-05-18,card,ANON-0000-0000-0009,37.7200012207031,Latte,20:22:53.1110000
2024-05-18,cash,No Credit Card Use,39,Cappuccino,22:05:27.4730000
2024-05-19,card,ANON-0000-0000-0182,27.9200000762939,Americano,07:58:38.3120000
2024-05-19,card,ANON-0000-0000-0182,27.9200000762939,Americano,07:59:33.5490000
2024-05-19,card,ANON-0000-0000-0183,37.7200012207031,Cappuccino,08:00:35.0610000
2024-05-19,cash,No Credit Card Use,24,Espresso,09:28:49.7230000
2024-05-19,card,ANON-0000-0000-0184,32.8199996948242,Americano with Milk,12:14:26.6760000
2024-05-19,card,ANON-0000-0000-0012,27.9200000762939,Americano,14:43:40.0490000
2024-05-19,card,ANON-0000-0000-0185,32.8199996948242,Americano with Milk,15:58:58.1920000
2024-05-19,card,ANON-0000-0000-0186,32.8199996948242,Americano with Milk,18:12:36.3040000
2024-05-19,card,ANON-0000-0000-0186,23.0200004577637,Espresso,18:13:47.7620000
2024-05-19,card,ANON-0000-0000-0186,37.7200012207031,Hot Chocolate,18:16:30.0220000
2024-05-19,card,ANON-0000-0000-0187,37.7200012207031,Cappuccino,19:51:06.9790000
2024-05-19,card,ANON-0000-0000-0188,37.7200012207031,Cappuccino,21:15:41.7610000
2024-05-19,card,ANON-0000-0000-0189,37.7200012207031,Cappuccino,21:18:36.1010000
2024-05-20,card,ANON-0000-0000-0190,32.8199996948242,Americano with Milk,10:05:59.1630000
2024-05-20,card,ANON-0000-0000-0191,37.7200012207031,Latte,10:17:51.8670000
2024-05-20,card,ANON-0000-0000-0001,37.7200012207031,Latte,10:58:48.3790000
2024-05-20,card,ANON-0000-0000-0143,27.9200000762939,Americano,11:15:16.3630000
2024-05-20,card,ANON-0000-0000-0143,27.9200000762939,Americano,11:16:19.6370000
2024-05-20,card,ANON-0000-0000-0003,27.9200000762939,Americano,13:27:13.4200000
2024-05-20,card,ANON-0000-0000-0003,27.9200000762939,Americano,13:28:10.4400000
2024-05-20,card,ANON-0000-0000-0192,32.8199996948242,Americano with Milk,14:13:19.0170000
2024-05-20,card,ANON-0000-0000-0192,37.7200012207031,Cappuccino,14:14:31.3540000
2024-05-20,cash,No Credit Card Use,29,Americano,14:32:21.2520000
2024-05-20,card,ANON-0000-0000-0120,37.7200012207031,Latte,17:12:51.1210000
2024-05-20,card,ANON-0000-0000-0193,37.7200012207031,Latte,17:13:56.8970000
2024-05-20,card,ANON-0000-0000-0194,32.8199996948242,Americano with Milk,20:36:48.3200000
2024-05-20,card,ANON-0000-0000-0194,37.7200012207031,Cocoa,20:37:57.3160000
2024-05-20,card,ANON-0000-0000-0195,27.9200000762939,Cortado,20:46:52.0850000
2024-05-20,card,ANON-0000-0000-0012,32.8199996948242,Americano with Milk,21:36:53.9860000
2024-05-20,card,ANON-0000-0000-0012,32.8199996948242,Americano with Milk,21:37:57.7770000
2024-05-21,card,ANON-0000-0000-0196,37.7200012207031,Latte,08:27:38.2300000
2024-05-21,cash,No Credit Card Use,29,Americano,09:43:50.6900000
2024-05-21,cash,No Credit Card Use,34,Americano with Milk,09:44:40.3090000
2024-05-21,cash,No Credit Card Use,39,Cocoa,09:46:09.4300000
2024-05-21,cash,No Credit Card Use,39,Latte,10:05:08.0330000
2024-05-21,card,ANON-0000-0000-0197,37.7200012207031,Latte,16:10:19.9560000
2024-05-21,card,ANON-0000-0000-0012,23.0200004577637,Espresso,18:13:23.9980000
2024-05-21,card,ANON-0000-0000-0198,37.7200012207031,Cappuccino,19:11:09.2120000
2024-05-21,card,ANON-0000-0000-0199,37.7200012207031,Cappuccino,20:13:48.3580000
2024-05-22,card,ANON-0000-0000-0200,37.7200012207031,Cappuccino,09:34:41.8180000
2024-05-22,card,ANON-0000-0000-0191,32.8199996948242,Americano with Milk,10:49:47.0440000
2024-05-22,card,ANON-0000-0000-0141,27.9200000762939,Cortado,11:18:14.2650000
2024-05-22,card,ANON-0000-0000-0097,32.8199996948242,Americano with Milk,11:34:54.9680000
2024-05-22,card,ANON-0000-0000-0012,27.9200000762939,Americano,12:29:50.8410000
2024-05-22,card,ANON-0000-0000-0012,27.9200000762939,Americano,12:30:43.3470000
2024-05-22,card,ANON-0000-0000-0009,32.8199996948242,Americano with Milk,14:00:20.4990000
2024-05-22,card,ANON-0000-0000-0134,37.7200012207031,Cappuccino,19:24:58.0980000
2024-05-22,card,ANON-0000-0000-0134,37.7200012207031,Cappuccino,19:25:58.5740000
2024-05-22,card,ANON-0000-0000-0180,37.7200012207031,Hot Chocolate,21:23:53.0000000
2024-05-22,card,ANON-0000-0000-0180,37.7200012207031,Cappuccino,21:24:49.5840000
2024-05-23,card,ANON-0000-0000-0201,37.7200012207031,Cappuccino,10:10:19.6400000
2024-05-23,card,ANON-0000-0000-0202,23.0200004577637,Espresso,12:22:06.6050000
2024-05-23,card,ANON-0000-0000-0180,37.7200012207031,Cappuccino,15:55:16.6280000
2024-05-23,card,ANON-0000-0000-0203,37.7200012207031,Cappuccino,15:56:27.2370000
2024-05-23,card,ANON-0000-0000-0180,37.7200012207031,Cappuccino,16:18:14.0530000
2024-05-23,card,ANON-0000-0000-0077,37.7200012207031,Latte,16:41:00.0430000
2024-05-23,card,ANON-0000-0000-0153,37.7200012207031,Cappuccino,17:14:33.2370000
2024-05-23,card,ANON-0000-0000-0153,37.7200012207031,Latte,17:15:44.8610000
2024-05-23,card,ANON-0000-0000-0204,27.9200000762939,Cortado,19:03:53.8560000
2024-05-23,card,ANON-0000-0000-0134,37.7200012207031,Cappuccino,19:17:28.4310000
2024-05-23,card,ANON-0000-0000-0205,37.7200012207031,Cappuccino,19:18:26.4180000
2024-05-23,card,ANON-0000-0000-0206,37.7200012207031,Cappuccino,19:42:31.5460000
2024-05-23,card,ANON-0000-0000-0207,37.7200012207031,Cappuccino,20:15:01.4290000
2024-05-23,card,ANON-0000-0000-0207,37.7200012207031,Latte,20:16:24.2050000
2024-05-23,card,ANON-0000-0000-0208,32.8199996948242,Americano with Milk,22:48:10.8130000
2024-05-23,cash,No Credit Card Use,39,Hot Chocolate,22:55:36.9260000
2024-05-24,card,ANON-0000-0000-0141,27.9200000762939,Cortado,11:11:59.1820000
2024-05-24,card,ANON-0000-0000-0012,27.9200000762939,Americano,11:15:08.3410000
2024-05-24,card,ANON-0000-0000-0012,27.9200000762939,Americano,11:16:13.0160000
2024-05-24,card,ANON-0000-0000-0081,37.7200012207031,Hot Chocolate,16:07:19.8160000
2024-05-24,card,ANON-0000-0000-0209,27.9200000762939,Cortado,18:17:40.3300000
2024-05-24,card,ANON-0000-0000-0209,27.9200000762939,Cortado,18:18:36.6980000
2024-05-24,card,ANON-0000-0000-0210,32.8199996948242,Americano with Milk,22:30:40.1980000
2024-05-25,cash,No Credit Card Use,29,Americano,07:40:58.8180000
2024-05-25,card,ANON-0000-0000-0211,37.7200012207031,Latte,12:13:53.3880000
2024-05-25,cash,No Credit Card Use,29,Americano,12:40:23.5870000
2024-05-25,card,ANON-0000-0000-0212,32.8199996948242,Americano with Milk,12:42:10.2580000
2024-05-25,card,ANON-0000-0000-0212,32.8199996948242,Americano with Milk,12:43:13.2750000
2024-05-25,card,ANON-0000-0000-0213,32.8199996948242,Americano with Milk,12:58:12.0490000
2024-05-25,card,ANON-0000-0000-0040,32.8199996948242,Americano with Milk,16:47:09.5570000
2024-05-25,card,ANON-0000-0000-0040,27.9200000762939,Americano,16:48:16.8340000
2024-05-26,card,ANON-0000-0000-0001,37.7200012207031,Latte,10:20:02.2330000
2024-05-26,card,ANON-0000-0000-0214,32.8199996948242,Americano with Milk,14:24:49.8120000
2024-05-26,card,ANON-0000-0000-0215,27.9200000762939,Cortado,14:26:05.2480000
2024-05-26,card,ANON-0000-0000-0216,32.8199996948242,Americano with Milk,14:40:58.8820000
2024-05-26,card,ANON-0000-0000-0217,37.7200012207031,Cappuccino,17:19:15.5210000
2024-05-26,card,ANON-0000-0000-0218,37.7200012207031,Hot Chocolate,18:09:52.8430000
2024-05-26,card,ANON-0000-0000-0218,37.7200012207031,Hot Chocolate,18:11:02.2040000
2024-05-26,card,ANON-0000-0000-0218,27.9200000762939,Americano,18:13:14.2990000
2024-05-26,card,ANON-0000-0000-0219,37.7200012207031,Latte,18:39:18.7940000
2024-05-26,card,ANON-0000-0000-0220,37.7200012207031,Hot Chocolate,20:59:14.9540000
2024-05-26,card,ANON-0000-0000-0220,37.7200012207031,Cappuccino,21:00:05.5680000
2024-05-26,card,ANON-0000-0000-0221,27.9200000762939,Cortado,21:02:36.9350000
2024-05-26,card,ANON-0000-0000-0222,37.7200012207031,Cappuccino,21:03:51.7720000
2024-05-26,card,ANON-0000-0000-0221,37.7200012207031,Latte,21:04:58.8240000
2024-05-26,card,ANON-0000-0000-0223,37.7200012207031,Cappuccino,21:06:02.6210000
2024-05-27,card,ANON-0000-0000-0012,27.9200000762939,Americano,11:34:55.2520000
2024-05-27,card,ANON-0000-0000-0224,32.8199996948242,Americano with Milk,14:05:21.6880000
2024-05-27,card,ANON-0000-0000-0224,37.7200012207031,Cocoa,14:06:43.5640000
2024-05-27,card,ANON-0000-0000-0225,27.9200000762939,Americano,15:11:34.0610000
2024-05-27,card,ANON-0000-0000-0225,27.9200000762939,Americano,15:14:05.7880000
2024-05-27,card,ANON-0000-0000-0203,37.7200012207031,Latte,17:50:55.7630000
2024-05-27,card,ANON-0000-0000-0226,27.9200000762939,Americano,18:00:50.9830000
2024-05-27,card,ANON-0000-0000-0227,37.7200012207031,Latte,19:16:27.4040000
2024-05-27,card,ANON-0000-0000-0228,37.7200012207031,Latte,19:17:38.7290000
2024-05-27,card,ANON-0000-0000-0192,32.8199996948242,Americano with Milk,21:29:07.0850000
2024-05-27,card,ANON-0000-0000-0206,37.7200012207031,Cappuccino,21:30:19.7720000
2024-05-28,card,ANON-0000-0000-0012,32.8199996948242,Americano with Milk,08:37:09.0280000
2024-05-28,card,ANON-0000-0000-0097,32.8199996948242,Americano with Milk,09:20:10.7360000
2024-05-28,card,ANON-0000-0000-0229,37.7200012207031,Cappuccino,11:48:18.4940000
2024-05-28,card,ANON-0000-0000-0230,37.7200012207031,Cappuccino,13:14:40.4350000
2024-05-28,card,ANON-0000-0000-0194,37.7200012207031,Cocoa,14:10:53.6910000
2024-05-28,card,ANON-0000-0000-0141,27.9200000762939,Cortado,16:25:39.3300000
2024-05-28,cash,No Credit Card Use,39,Cappuccino,17:21:43.9670000
2024-05-28,card,ANON-0000-0000-0231,27.9200000762939,Americano,19:09:29.0690000
2024-05-28,card,ANON-0000-0000-0231,37.7200012207031,Latte,19:10:31.0700000
2024-05-28,card,ANON-0000-0000-0009,32.8199996948242,Americano with Milk,20:24:32.2050000
2024-05-28,card,ANON-0000-0000-0012,27.9200000762939,Americano,20:50:19.4490000
2024-05-29,card,ANON-0000-0000-0232,37.7200012207031,Latte,09:14:43.7040000
2024-05-29,cash,No Credit Card Use,39,Latte,10:48:46.7810000
2024-05-29,card,ANON-0000-0000-0233,37.7200012207031,Hot Chocolate,11:14:02.8550000
2024-05-29,card,ANON-0000-0000-0234,27.9200000762939,Americano,15:10:48.5450000
2024-05-29,card,ANON-0000-0000-0235,37.7200012207031,Latte,15:22:56.3210000
2024-05-29,card,ANON-0000-0000-0236,37.7200012207031,Cappuccino,15:45:12.7380000
2024-05-29,card,ANON-0000-0000-0237,37.7200012207031,Latte,16:45:03.9500000
2024-05-29,card,ANON-0000-0000-0238,27.9200000762939,Cortado,18:24:03.3340000
2024-05-29,card,ANON-0000-0000-0238,37.7200012207031,Latte,18:24:59.3110000
2024-05-29,card,ANON-0000-0000-0239,37.7200012207031,Hot Chocolate,20:30:42.2400000
2024-05-29,card,ANON-0000-0000-0240,37.7200012207031,Cocoa,20:32:35.2000000
2024-05-30,card,ANON-0000-0000-0241,37.7200012207031,Cappuccino,08:29:06.2770000
2024-05-30,card,ANON-0000-0000-0241,37.7200012207031,Latte,08:30:21.5860000
2024-05-30,card,ANON-0000-0000-0242,32.8199996948242,Americano with Milk,08:37:05.3820000
2024-05-30,card,ANON-0000-0000-0001,37.7200012207031,Latte,09:47:59.0920000
2024-05-30,card,ANON-0000-0000-0097,32.8199996948242,Americano with Milk,14:56:15.4730000
2024-05-30,card,ANON-0000-0000-0243,23.0200004577637,Espresso,15:16:15.6650000
2024-05-30,card,ANON-0000-0000-0012,23.0200004577637,Espresso,15:17:38.6560000
2024-05-30,card,ANON-0000-0000-0206,37.7200012207031,Cappuccino,19:53:11.1890000
2024-05-30,card,ANON-0000-0000-0244,37.7200012207031,Latte,20:31:05.4300000
2024-05-30,card,ANON-0000-0000-0009,37.7200012207031,Hot Chocolate,20:46:13.8350000
2024-05-30,card,ANON-0000-0000-0009,32.8199996948242,Americano with Milk,20:47:21.5860000
2024-05-31,card,ANON-0000-0000-0245,32.8199996948242,Americano with Milk,07:53:57.2740000
2024-05-31,card,ANON-0000-0000-0246,37.7200012207031,Latte,09:21:07.8210000
2024-05-31,cash,No Credit Card Use,39,Latte,09:23:58.7910000
2024-05-31,card,ANON-0000-0000-0247,37.7200012207031,Hot Chocolate,10:38:07.8610000
2024-05-31,card,ANON-0000-0000-0248,37.7200012207031,Cocoa,10:39:06.1360000
2024-05-31,card,ANON-0000-0000-0249,32.8199996948242,Americano with Milk,14:50:12.9760000
2024-05-31,card,ANON-0000-0000-0250,37.7200012207031,Latte,18:23:44.6360000
2024-05-31,card,ANON-0000-0000-0250,37.7200012207031,Latte,18:25:03.2710000
2024-05-31,card,ANON-0000-0000-0180,37.7200012207031,Cappuccino,20:06:39.1660000
2024-05-31,card,ANON-0000-0000-0134,32.8199996948242,Americano with Milk,20:33:06.4030000
2024-05-31,card,ANON-0000-0000-0134,37.7200012207031,Latte,20:34:32.9030000
2024-05-31,card,ANON-0000-0000-0206,37.7200012207031,Cappuccino,22:05:47.0700000
2024-05-31,card,ANON-0000-0000-0206,32.8199996948242,Americano with Milk,22:06:52.4900000
2024-05-31,card,ANON-0000-0000-0206,27.9200000762939,Cortado,22:07:55.3680000
2024-06-01,card,ANON-0000-0000-0141,27.9200000762939,Cortado,08:27:01.7450000
2024-06-01,card,ANON-0000-0000-0232,37.7200012207031,Latte,09:48:24.7500000
2024-06-01,card,ANON-0000-0000-0250,37.7200012207031,Latte,11:38:09.3710000
2024-06-01,card,ANON-0000-0000-0097,32.8199996948242,Americano with Milk,14:28:53.7390000
2024-06-01,card,ANON-0000-0000-0251,32.8199996948242,Americano with Milk,18:20:12.7800000
2024-06-01,card,ANON-0000-0000-0251,32.8199996948242,Americano with Milk,18:21:15.3630000
2024-06-01,card,ANON-0000-0000-0154,37.7200012207031,Cappuccino,20:50:10.4880000
2024-06-01,card,ANON-0000-0000-0154,37.7200012207031,Cappuccino,20:51:13.5650000
2024-06-01,cash,No Credit Card Use,39,Cocoa,20:54:59.2670000
2024-06-01,card,ANON-0000-0000-0252,37.7200012207031,Cocoa,20:59:09.6890000
2024-06-01,card,ANON-0000-0000-0009,32.8199996948242,Americano with Milk,21:51:04.9710000
2024-06-02,card,ANON-0000-0000-0009,37.7200012207031,Latte,20:03:25.7990000
2024-06-02,card,ANON-0000-0000-0040,32.8199996948242,Americano with Milk,20:24:02.4490000
2024-06-02,card,ANON-0000-0000-0040,37.7200012207031,Cappuccino,20:25:07.2380000
2024-06-02,card,ANON-0000-0000-0097,32.8199996948242,Americano with Milk,21:07:20.5310000
2024-06-02,card,ANON-0000-0000-0253,37.7200012207031,Latte,21:30:12.4300000
2024-06-02,cash,No Credit Card Use,34,Americano with Milk,22:43:10.6360000
2024-06-03,card,ANON-0000-0000-0001,37.7200012207031,Latte,10:12:04.1410000
2024-06-03,card,ANON-0000-0000-0191,37.7200012207031,Latte,10:27:49.7970000
2024-06-03,card,ANON-0000-0000-0025,37.7200012207031,Cappuccino,14:31:42.3380000
2024-06-03,card,ANON-0000-0000-0024,32.8199996948242,Americano with Milk,14:33:00.9520000
2024-06-03,card,ANON-0000-0000-0009,37.7200012207031,Latte,14:34:06.9220000
2024-06-03,cash,No Credit Card Use,34,Americano with Milk,21:42:51.7340000
2024-06-03,cash,No Credit Card Use,34,Americano with Milk,21:43:37.4710000
2024-06-04,card,ANON-0000-0000-0141,27.9200000762939,Cortado,09:23:42.8980000
2024-06-04,card,ANON-0000-0000-0097,32.8199996948242,Americano with Milk,10:27:13.9750000
2024-06-04,card,ANON-0000-0000-0254,37.7200012207031,Latte,12:02:10.2130000
2024-06-04,card,ANON-0000-0000-0254,37.7200012207031,Hot Chocolate,12:05:29.1860000
2024-06-04,card,ANON-0000-0000-0255,37.7200012207031,Latte,15:30:32.4550000
2024-06-04,card,ANON-0000-0000-0192,27.9200000762939,Cortado,17:46:36.6610000
2024-06-04,card,ANON-0000-0000-0192,37.7200012207031,Cappuccino,17:47:28.8470000
2024-06-04,card,ANON-0000-0000-0256,37.7200012207031,Hot Chocolate,20:13:01.2040000
2024-06-04,card,ANON-0000-0000-0257,37.7200012207031,Cappuccino,20:50:33.8960000
2024-06-04,card,ANON-0000-0000-0258,27.9200000762939,Cortado,21:31:58.9080000
2024-06-04,card,ANON-0000-0000-0259,32.8199996948242,Americano with Milk,21:33:02.6210000
2024-06-04,card,ANON-0000-0000-0260,32.8199996948242,Americano with Milk,21:34:55.6670000
2024-06-04,card,ANON-0000-0000-0260,32.8199996948242,Americano with Milk,21:36:06.9240000
2024-06-04,card,ANON-0000-0000-0260,32.8199996948242,Americano with Milk,21:37:15.1640000
2024-06-05,card,ANON-0000-0000-0261,37.7200012207031,Cappuccino,08:21:48.9640000
2024-06-05,card,ANON-0000-0000-0261,37.7200012207031,Cappuccino,08:23:06.7230000
2024-06-05,card,ANON-0000-0000-0262,27.9200000762939,Americano,09:22:43.1080000
2024-06-05,card,ANON-0000-0000-0001,37.7200012207031,Latte,10:28:50.6200000
2024-06-05,card,ANON-0000-0000-0097,32.8199996948242,Americano with Milk,10:40:53.1880000
2024-06-05,card,ANON-0000-0000-0263,32.8199996948242,Americano with Milk,19:43:57.6750000
2024-06-05,card,ANON-0000-0000-0264,37.7200012207031,Latte,19:59:53.5270000
2024-06-05,card,ANON-0000-0000-0220,37.7200012207031,Cocoa,20:10:47.6230000
2024-06-05,card,ANON-0000-0000-0220,27.9200000762939,Cortado,20:12:01.6580000
2024-06-06,card,ANON-0000-0000-0097,32.8199996948242,Americano with Milk,08:52:56.3510000
2024-06-06,card,ANON-0000-0000-0097,32.8199996948242,Americano with Milk,08:54:08.4550000
2024-06-06,card,ANON-0000-0000-0001,37.7200012207031,Latte,10:36:09.6670000
2024-06-06,card,ANON-0000-0000-0265,27.9200000762939,Americano,12:17:41.4740000
2024-06-06,card,ANON-0000-0000-0224,32.8199996948242,Americano with Milk,15:11:14.1850000
2024-06-06,card,ANON-0000-0000-0266,37.7200012207031,Cappuccino,15:24:06.2210000
2024-06-06,card,ANON-0000-0000-0267,37.7200012207031,Latte,21:14:05.1020000
2024-06-06,card,ANON-0000-0000-0267,37.7200012207031,Latte,21:15:42.2270000
2024-06-06,card,ANON-0000-0000-0206,37.7200012207031,Cappuccino,21:18:26.7130000
2024-06-06,card,ANON-0000-0000-0206,32.8199996948242,Americano with Milk,21:19:30.4360000
2024-06-06,card,ANON-0000-0000-0267,37.7200012207031,Latte,21:21:04.4400000
2024-06-07,card,ANON-0000-0000-0268,37.7200012207031,Cappuccino,08:18:04.2960000
2024-06-07,card,ANON-0000-0000-0269,23.0200004577637,Espresso,10:35:28.1040000
2024-06-07,card,ANON-0000-0000-0164,32.8199996948242,Americano with Milk,13:34:18.2970000
2024-06-07,card,ANON-0000-0000-0270,27.9200000762939,Cortado,16:45:42.2180000
2024-06-07,card,ANON-0000-0000-0270,27.9200000762939,Cortado,16:47:15.4810000
2024-06-08,card,ANON-0000-0000-0271,27.9200000762939,Cortado,09:04:20.0160000
2024-06-08,card,ANON-0000-0000-0097,32.8199996948242,Americano with Milk,09:26:11.1600000
2024-06-08,card,ANON-0000-0000-0134,37.7200012207031,Cappuccino,20:24:54.3200000
2024-06-08,card,ANON-0000-0000-0134,37.7200012207031,Cappuccino,20:25:56.3160000
2024-06-09,card,ANON-0000-0000-0097,37.7200012207031,Latte,08:15:52.7600000
2024-06-09,card,ANON-0000-0000-0272,37.7200012207031,Latte,10:30:04.4610000
2024-06-09,card,ANON-0000-0000-0273,37.7200012207031,Cappuccino,10:52:05.7970000
2024-06-09,card,ANON-0000-0000-0141,27.9200000762939,Cortado,11:04:41.3060000
2024-06-09,card,ANON-0000-0000-0274,23.0200004577637,Espresso,11:07:08.1080000
2024-06-09,card,ANON-0000-0000-0275,37.7200012207031,Cappuccino,11:52:49.6160000
2024-06-09,card,ANON-0000-0000-0276,32.8199996948242,Americano with Milk,12:11:23.6400000
2024-06-09,card,ANON-0000-0000-0276,37.7200012207031,Latte,12:13:08.0670000
2024-06-09,card,ANON-0000-0000-0276,37.7200012207031,Latte,12:14:10.7830000
2024-06-09,card,ANON-0000-0000-0277,27.9200000762939,Cortado,15:10:30.6920000
2024-06-09,card,ANON-0000-0000-0278,37.7200012207031,Cappuccino,16:17:28.1890000
2024-06-09,card,ANON-0000-0000-0279,32.8199996948242,Americano with Milk,19:21:19.2770000
2024-06-09,card,ANON-0000-0000-0280,27.9200000762939,Americano,21:05:08.8440000
2024-06-10,card,ANON-0000-0000-0281,37.7200012207031,Cappuccino,12:47:49.8610000
2024-06-10,card,ANON-0000-0000-0097,37.7200012207031,Latte,12:56:48.2680000
2024-06-10,card,ANON-0000-0000-0282,37.7200012207031,Hot Chocolate,19:04:28.1060000
2024-06-10,card,ANON-0000-0000-0282,37.7200012207031,Hot Chocolate,19:05:22.7700000
2024-06-10,card,ANON-0000-0000-0283,37.7200012207031,Latte,19:37:23.6020000
2024-06-10,card,ANON-0000-0000-0283,37.7200012207031,Latte,19:38:19.6780000
2024-06-11,card,ANON-0000-0000-0284,32.8199996948242,Americano with Milk,10:38:03.9530000
2024-06-11,card,ANON-0000-0000-0285,37.7200012207031,Latte,18:48:25.2920000
2024-06-11,card,ANON-0000-0000-0285,37.7200012207031,Latte,18:49:36.4280000
2024-06-11,card,ANON-0000-0000-0286,37.7200012207031,Hot Chocolate,21:17:03.3440000
2024-06-11,card,ANON-0000-0000-0287,32.8199996948242,Americano with Milk,21:27:41.9000000
2024-06-11,card,ANON-0000-0000-0287,32.8199996948242,Americano with Milk,21:28:50.2200000
2024-06-12,card,ANON-0000-0000-0288,37.7200012207031,Hot Chocolate,10:18:18.7860000
2024-06-12,card,ANON-0000-0000-0289,37.7200012207031,Cappuccino,11:51:43.8580000
2024-06-12,card,ANON-0000-0000-0283,37.7200012207031,Latte,17:41:17.1790000
2024-06-12,card,ANON-0000-0000-0290,37.7200012207031,Latte,17:47:27.8780000
2024-06-12,card,ANON-0000-0000-0256,37.7200012207031,Hot Chocolate,20:16:33.6480000
2024-06-12,card,ANON-0000-0000-0291,32.8199996948242,Americano with Milk,20:25:34.2390000
2024-06-13,card,ANON-0000-0000-0292,27.9200000762939,Americano,08:54:24.2070000
2024-06-13,card,ANON-0000-0000-0097,37.7200012207031,Latte,08:57:25.5920000
2024-06-13,card,ANON-0000-0000-0293,32.8199996948242,Americano with Milk,09:50:25.0380000
2024-06-13,card,ANON-0000-0000-0141,27.9200000762939,Cortado,09:57:11.5180000
2024-06-13,card,ANON-0000-0000-0294,32.8199996948242,Americano with Milk,17:04:58.6010000
2024-06-13,card,ANON-0000-0000-0295,37.7200012207031,Hot Chocolate,17:27:46.6260000
2024-06-13,card,ANON-0000-0000-0296,37.7200012207031,Latte,19:22:19.0830000
2024-06-13,card,ANON-0000-0000-0012,32.8199996948242,Americano with Milk,20:20:51.7620000
2024-06-13,card,ANON-0000-0000-0012,23.0200004577637,Espresso,20:43:45.9910000
2024-06-13,card,ANON-0000-0000-0295,23.0200004577637,Espresso,20:45:00.6150000
2024-06-13,card,ANON-0000-0000-0009,32.8199996948242,Americano with Milk,20:48:17.9020000
2024-06-13,card,ANON-0000-0000-0009,32.8199996948242,Americano with Milk,21:02:28.3770000
2024-06-14,card,ANON-0000-0000-0141,27.9200000762939,Cortado,07:46:13.2380000
2024-06-14,card,ANON-0000-0000-0297,27.9200000762939,Americano,10:30:31.5840000
2024-06-14,card,ANON-0000-0000-0097,37.7200012207031,Latte,12:14:41.6960000
2024-06-14,card,ANON-0000-0000-0298,32.8199996948242,Americano with Milk,18:29:53.3990000
2024-06-15,card,ANON-0000-0000-0299,37.7200012207031,Cappuccino,11:26:01.9740000
2024-06-15,card,ANON-0000-0000-0300,37.7200012207031,Latte,12:21:28.1350000
2024-06-15,card,ANON-0000-0000-0300,32.8199996948242,Americano with Milk,12:22:46.9420000
2024-06-15,card,ANON-0000-0000-0300,23.0200004577637,Espresso,12:23:52.1660000
2024-06-15,card,ANON-0000-0000-0300,37.7200012207031,Cocoa,12:24:35.1300000
2024-06-15,card,ANON-0000-0000-0300,32.8199996948242,Americano with Milk,12:25:23.9600000
2024-06-15,card,ANON-0000-0000-0301,32.8199996948242,Americano with Milk,16:03:29.9090000
2024-06-15,card,ANON-0000-0000-0302,27.9200000762939,Americano,18:14:04.6230000
2024-06-16,card,ANON-0000-0000-0059,32.8199996948242,Americano with Milk,10:43:51.4560000
2024-06-16,card,ANON-0000-0000-0303,37.7200012207031,Latte,10:58:41.3660000
2024-06-16,card,ANON-0000-0000-0303,37.7200012207031,Hot Chocolate,11:00:38.1910000
2024-06-16,card,ANON-0000-0000-0303,37.7200012207031,Hot Chocolate,11:01:41.4880000
2024-06-16,card,ANON-0000-0000-0276,32.8199996948242,Americano with Milk,12:49:27.6240000
2024-06-16,card,ANON-0000-0000-0274,23.0200004577637,Espresso,14:00:38.9920000
2024-06-16,card,ANON-0000-0000-0304,32.8199996948242,Americano with Milk,15:02:36.3320000
2024-06-16,card,ANON-0000-0000-0304,32.8199996948242,Americano with Milk,15:05:10.4210000
2024-06-16,card,ANON-0000-0000-0305,37.7200012207031,Hot Chocolate,15:43:59.5930000
2024-06-16,card,ANON-0000-0000-0306,37.7200012207031,Hot Chocolate,16:47:36.5210000
2024-06-16,card,ANON-0000-0000-0059,32.8199996948242,Americano with Milk,17:45:17.2670000
2024-06-16,card,ANON-0000-0000-0059,32.8199996948242,Americano with Milk,17:46:16.5540000
2024-06-17,card,ANON-0000-0000-0307,27.9200000762939,Americano,08:57:24.0440000
2024-06-17,card,ANON-0000-0000-0308,27.9200000762939,Cortado,10:12:05.1390000
2024-06-17,card,ANON-0000-0000-0308,27.9200000762939,Cortado,10:13:37.5750000
2024-06-17,card,ANON-0000-0000-0042,37.7200012207031,Cappuccino,10:55:51.6080000
2024-06-17,card,ANON-0000-0000-0164,37.7200012207031,Cappuccino,14:51:35.3810000
2024-06-17,card,ANON-0000-0000-0012,37.7200012207031,Cappuccino,16:50:13.4410000
2024-06-17,card,ANON-0000-0000-0012,37.7200012207031,Cappuccino,16:51:11.0380000
2024-06-17,card,ANON-0000-0000-0012,27.9200000762939,Americano,16:52:36.3360000
2024-06-17,card,ANON-0000-0000-0309,27.9200000762939,Americano,18:51:19.6310000
2024-06-17,card,ANON-0000-0000-0009,32.8199996948242,Americano with Milk,21:16:11.4850000
2024-06-18,card,ANON-0000-0000-0299,27.9200000762939,Americano,14:04:06.1250000
2024-06-18,card,ANON-0000-0000-0299,37.7200012207031,Cappuccino,14:05:12.3130000
2024-06-18,card,ANON-0000-0000-0154,37.7200012207031,Cappuccino,19:20:40.5710000
2024-06-18,card,ANON-0000-0000-0154,37.7200012207031,Cappuccino,19:21:38.8920000
2024-06-18,card,ANON-0000-0000-0310,27.9200000762939,Cortado,20:35:49.4970000
2024-06-18,card,ANON-0000-0000-0012,32.8199996948242,Americano with Milk,21:20:49.5260000
2024-06-18,card,ANON-0000-0000-0012,32.8199996948242,Americano with Milk,21:22:18.5180000
2024-06-19,card,ANON-0000-0000-0311,37.7200012207031,Latte,07:47:19.8330000
2024-06-19,card,ANON-0000-0000-0141,27.9200000762939,Cortado,08:17:54.5080000
2024-06-19,card,ANON-0000-0000-0312,27.9200000762939,Americano,10:54:00.4920000
2024-06-19,card,ANON-0000-0000-0313,37.7200012207031,Latte,11:11:27.8070000
2024-06-19,card,ANON-0000-0000-0313,37.7200012207031,Cocoa,11:12:31.4120000
2024-06-19,card,ANON-0000-0000-0164,32.8199996948242,Americano with Milk,14:21:36.2580000
2024-06-19,card,ANON-0000-0000-0153,37.7200012207031,Cappuccino,18:28:43.4370000
2024-06-19,card,ANON-0000-0000-0153,37.7200012207031,Latte,18:29:58.9610000
2024-06-19,card,ANON-0000-0000-0009,32.8199996948242,Americano with Milk,19:31:31.2930000
2024-06-19,card,ANON-0000-0000-0192,37.7200012207031,Cappuccino,21:28:59.4850000
2024-06-19,card,ANON-0000-0000-0192,32.8199996948242,Americano with Milk,21:30:03.4840000
2024-06-20,card,ANON-0000-0000-0097,37.7200012207031,Latte,10:50:06.4530000
2024-06-20,card,ANON-0000-0000-0314,37.7200012207031,Latte,18:59:02.0820000
2024-06-20,card,ANON-0000-0000-0314,37.7200012207031,Latte,19:00:00.2370000
2024-06-20,card,ANON-0000-0000-0257,37.7200012207031,Latte,21:39:10.0130000
2024-06-20,card,ANON-0000-0000-0009,37.7200012207031,Latte,21:57:40.5540000
2024-06-20,card,ANON-0000-0000-0009,32.8199996948242,Americano with Milk,21:59:17.5980000
2024-06-21,card,ANON-0000-0000-0311,37.7200012207031,Latte,09:59:55.9300000
2024-06-21,card,ANON-0000-0000-0315,27.9200000762939,Americano,10:01:40.1830000
2024-06-21,card,ANON-0000-0000-0012,32.8199996948242,Americano with Milk,13:19:19.4160000
2024-06-21,card,ANON-0000-0000-0012,32.8199996948242,Americano with Milk,13:20:31.5130000
2024-06-21,card,ANON-0000-0000-0316,23.0200004577637,Espresso,18:12:16.0640000
2024-06-21,card,ANON-0000-0000-0009,37.7200012207031,Latte,19:30:26.6510000
2024-06-21,card,ANON-0000-0000-0154,37.7200012207031,Cappuccino,19:47:06.2010000
2024-06-21,card,ANON-0000-0000-0154,37.7200012207031,Cappuccino,19:48:06.7130000
2024-06-21,card,ANON-0000-0000-0180,37.7200012207031,Cappuccino,19:49:54.5050000
2024-06-21,card,ANON-0000-0000-0180,37.7200012207031,Cappuccino,19:51:00.2110000
2024-06-21,card,ANON-0000-0000-0180,27.9200000762939,Americano,19:52:18.7750000
2024-06-21,card,ANON-0000-0000-0311,32.8199996948242,Americano with Milk,19:55:37.1420000
2024-06-22,card,ANON-0000-0000-0141,27.9200000762939,Cortado,08:39:50.2730000
2024-06-22,card,ANON-0000-0000-0311,32.8199996948242,Americano with Milk,09:37:48.7790000
2024-06-22,card,ANON-0000-0000-0317,32.8199996948242,Americano with Milk,12:53:15.5410000
2024-06-22,card,ANON-0000-0000-0009,37.7200012207031,Latte,15:37:20.1370000
2024-06-22,card,ANON-0000-0000-0318,37.7200012207031,Cappuccino,22:10:22.9980000
2024-06-23,card,ANON-0000-0000-0012,32.8199996948242,Americano with Milk,18:12:01.4060000
2024-06-23,card,ANON-0000-0000-0012,32.8199996948242,Americano with Milk,18:13:50.6380000
2024-06-23,card,ANON-0000-0000-0319,37.7200012207031,Cappuccino,21:06:46.9560000
2024-06-23,card,ANON-0000-0000-0320,37.7200012207031,Latte,21:29:07.8230000
2024-06-23,card,ANON-0000-0000-0320,37.7200012207031,Cappuccino,21:30:36.3750000
2024-06-24,card,ANON-0000-0000-0164,32.8199996948242,Americano with Milk,11:44:39.9390000
2024-06-24,card,ANON-0000-0000-0180,37.7200012207031,Cappuccino,11:49:36.0440000
2024-06-24,card,ANON-0000-0000-0180,37.7200012207031,Cappuccino,11:50:44.0800000
2024-06-24,card,ANON-0000-0000-0321,37.7200012207031,Latte,15:02:28.9950000
2024-06-24,card,ANON-0000-0000-0203,37.7200012207031,Cappuccino,16:46:00.5730000
2024-06-24,card,ANON-0000-0000-0203,37.7200012207031,Cappuccino,16:47:00.4090000
2024-06-25,card,ANON-0000-0000-0322,37.7200012207031,Latte,08:19:24.2440000
2024-06-25,card,ANON-0000-0000-0012,32.8199996948242,Americano with Milk,10:28:26.4080000
2024-06-25,card,ANON-0000-0000-0040,32.8199996948242,Americano with Milk,10:29:42.4100000
2024-06-25,card,ANON-0000-0000-0203,37.7200012207031,Cappuccino,11:34:52.2960000
2024-06-26,card,ANON-0000-0000-0323,37.7200012207031,Latte,09:33:01.7060000
2024-06-26,card,ANON-0000-0000-0324,23.0200004577637,Espresso,16:32:29.4530000
2024-06-26,card,ANON-0000-0000-0325,27.9200000762939,Americano,16:34:01.6070000
2024-06-26,card,ANON-0000-0000-0009,37.7200012207031,Latte,21:21:53.2960000
2024-06-26,card,ANON-0000-0000-0009,37.7200012207031,Cappuccino,21:27:00.8070000
2024-06-26,card,ANON-0000-0000-0206,32.8199996948242,Americano with Milk,21:28:14.5660000
2024-06-27,card,ANON-0000-0000-0326,32.8199996948242,Americano with Milk,09:15:43.1730000
2024-06-27,card,ANON-0000-0000-0327,27.9200000762939,Cortado,16:11:48.0000000
2024-06-27,card,ANON-0000-0000-0328,32.8199996948242,Americano with Milk,21:44:03.3720000
2024-06-27,card,ANON-0000-0000-0329,37.7200012207031,Cappuccino,21:50:31.6170000
2024-06-28,card,ANON-0000-0000-0141,27.9200000762939,Cortado,08:08:35.0440000
2024-06-28,card,ANON-0000-0000-0274,23.0200004577637,Espresso,17:51:53.9930000
2024-06-28,card,ANON-0000-0000-0330,32.8199996948242,Americano with Milk,21:50:55.3750000
2024-06-28,card,ANON-0000-0000-0331,37.7200012207031,Latte,21:52:01.8670000
2024-06-28,card,ANON-0000-0000-0332,37.7200012207031,Cappuccino,22:28:19.9760000
2024-06-29,card,ANON-0000-0000-0097,32.8199996948242,Americano with Milk,09:47:10.3040000
2024-06-29,card,ANON-0000-0000-0333,32.8199996948242,Americano with Milk,11:40:19.5820000
2024-06-29,card,ANON-0000-0000-0333,32.8199996948242,Americano with Milk,11:41:26.6090000
2024-06-29,card,ANON-0000-0000-0334,37.7200012207031,Cappuccino,12:30:24.3580000
2024-06-29,card,ANON-0000-0000-0334,37.7200012207031,Cappuccino,12:31:42.5820000
2024-06-29,card,ANON-0000-0000-0335,37.7200012207031,Cappuccino,17:23:43.5830000
2024-06-29,card,ANON-0000-0000-0335,37.7200012207031,Hot Chocolate,17:24:52.3770000
2024-06-29,card,ANON-0000-0000-0009,37.7200012207031,Latte,21:27:22.4490000
2024-06-30,card,ANON-0000-0000-0336,37.7200012207031,Latte,10:28:09.8420000
2024-06-30,card,ANON-0000-0000-0337,23.0200004577637,Espresso,13:05:50.6200000
2024-06-30,card,ANON-0000-0000-0009,37.7200012207031,Hot Chocolate,16:54:41.6790000
2024-06-30,card,ANON-0000-0000-0097,32.8199996948242,Americano with Milk,21:04:09.7460000
